{"cameraMode":{"drawMode":0,"name":"Shaded","section":"Shading Mode"},"sceneLighting":false,"audioPlay":false,"sceneViewState":{"m_AlwaysRefresh":false,"showFog":true,"showSkybox":false,"showFlares":true,"showImageEffects":true,"showParticleSystems":true,"showVisualEffectGraphs":true,"m_FxEnabled":true},"in2DMode":false,"pivot":{"x":-2.2733075618743898,"y":0.7636522054672241,"z":-3.6928117275238039},"rotation":{"x":0.149115189909935,"y":-0.02253594994544983,"z":0.0033882244024425747,"w":0.9885753989219666},"size":0.8350867629051209,"orthographic":false}