{"cameraMode":{"drawMode":0,"name":"Shaded","section":"Shading Mode"},"sceneLighting":false,"audioPlay":false,"sceneViewState":{"m_AlwaysRefresh":false,"showFog":true,"showSkybox":false,"showFlares":true,"showImageEffects":true,"showParticleSystems":true,"showVisualEffectGraphs":true,"m_FxEnabled":true},"in2DMode":false,"pivot":{"x":-0.879316508769989,"y":1.1599209308624268,"z":-35.289939880371097},"rotation":{"x":-0.46450307965278628,"y":0.010744189843535424,"z":-0.006050375755876303,"w":-0.8857081532478333},"size":3.5116991996765138,"orthographic":false}