{"cameraMode":{"drawMode":0,"name":"Shaded","section":"Shading Mode"},"sceneLighting":false,"audioPlay":false,"sceneViewState":{"m_AlwaysRefresh":false,"showFog":true,"showSkybox":false,"showFlares":true,"showImageEffects":true,"showParticleSystems":true,"showVisualEffectGraphs":true,"m_FxEnabled":true},"in2DMode":false,"pivot":{"x":-2.190713882446289,"y":0.16827481985092164,"z":-4.827513694763184},"rotation":{"x":0.22282622754573823,"y":-0.00467104883864522,"z":0.0010656459489837289,"w":0.9748726487159729},"size":3.776221513748169,"orthographic":false}