{"cameraMode":{"drawMode":0,"name":"Shaded","section":"Shading Mode"},"sceneLighting":false,"audioPlay":false,"sceneViewState":{"m_AlwaysRefresh":false,"showFog":true,"showSkybox":false,"showFlares":true,"showImageEffects":true,"showParticleSystems":true,"showVisualEffectGraphs":true,"m_FxEnabled":true},"in2DMode":false,"pivot":{"x":2.9802322387695315e-8,"y":0.13991159200668336,"z":0.9450000524520874},"rotation":{"x":-0.27200597524642947,"y":0.5665500164031982,"z":-0.20582365989685059,"w":-0.7503873705863953},"size":1.0148029327392579,"orthographic":false}