{"cameraMode":{"drawMode":0,"name":"Shaded","section":"Shading Mode"},"sceneLighting":true,"audioPlay":false,"sceneViewState":{"m_AlwaysRefresh":false,"showFog":true,"showSkybox":true,"showFlares":true,"showImageEffects":true,"showParticleSystems":true,"showVisualEffectGraphs":true,"m_FxEnabled":true},"in2DMode":false,"pivot":{"x":348.59307861328127,"y":261.44158935546877,"z":-35.95656967163086},"rotation":{"x":-0.2259378433227539,"y":-0.22110290825366975,"z":0.052385300397872928,"w":-0.9474847316741943},"size":438.5329895019531,"orthographic":false}