{"cameraMode":{"drawMode":0,"name":"Shaded","section":"Shading Mode"},"sceneLighting":false,"audioPlay":false,"sceneViewState":{"m_AlwaysRefresh":false,"showFog":true,"showSkybox":false,"showFlares":true,"showImageEffects":true,"showParticleSystems":true,"showVisualEffectGraphs":true,"m_FxEnabled":true},"in2DMode":false,"pivot":{"x":-0.10514020919799805,"y":-0.12751293182373048,"z":0.8834962844848633},"rotation":{"x":-0.06165102496743202,"y":0.8501778841018677,"z":-0.10266232490539551,"w":-0.5130986571311951},"size":5.734467506408691,"orthographic":false}