{"cameraMode":{"drawMode":0,"name":"Shaded","section":"Shading Mode"},"sceneLighting":false,"audioPlay":false,"sceneViewState":{"m_AlwaysRefresh":false,"showFog":true,"showSkybox":false,"showFlares":true,"showImageEffects":true,"showParticleSystems":true,"showVisualEffectGraphs":true,"m_FxEnabled":true},"in2DMode":false,"pivot":{"x":-23.019824981689454,"y":-4.955630779266357,"z":-25.593381881713868},"rotation":{"x":-0.06260175257921219,"y":0.23902693390846253,"z":-0.015458363108336926,"w":-0.9690772891044617},"size":47.96778106689453,"orthographic":false}