{"cameraMode":{"drawMode":0,"name":"Shaded","section":"Shading Mode"},"sceneLighting":false,"audioPlay":false,"sceneViewState":{"m_AlwaysRefresh":false,"showFog":true,"showSkybox":false,"showFlares":true,"showImageEffects":true,"showParticleSystems":true,"showVisualEffectGraphs":true,"m_FxEnabled":true},"in2DMode":false,"pivot":{"x":-0.00160980224609375,"y":0.1509542465209961,"z":-0.011443614959716797},"rotation":{"x":-0.27200597524642947,"y":0.5665500164031982,"z":-0.20582365989685059,"w":-0.7503873705863953},"size":11.141653060913086,"orthographic":false}